CustomerID,CustomerName,Email,Country
1,William Tran,hessspencer@herring.net,Equatorial Guinea
2,Allen Ward,marieruiz@flores-conner.com,Latvia
3,Shannon Perez,brownstacey@yahoo.com,Suriname
4,Vanessa Walls,michaelmoore@roy-green.com,French Southern Territories
5,Shawn Mack,tiffanypaul@morales.com,Macedonia
6,Kenneth Miller,rhamilton@conley.biz,Lao People's Democratic Republic
7,Robert Parker,bergerkimberly@hotmail.com,Switzerland
8,Felicia Andrews,lopezalisha@lindsey.com,Egypt
9,Christian Nichols,evan95@cobb-cisneros.com,Hong Kong
10,Brandon Howard,zallison@yahoo.com,Belize
11,Charles Chapman,eprice@valdez.com,Jamaica
12,Brian Smith,brendaallison@yahoo.com,Sri Lanka
13,Richard Hodges,cindy30@yahoo.com,Falkland Islands (Malvinas)
14,Michael Cooley,reyesedwin@martinez.com,Lithuania
15,Margaret Martinez,qgood@hotmail.com,Cuba
16,Michelle Lee,diane18@rivera-joseph.net,Armenia
17,Tyler Wilson,tuckerkenneth@farmer.biz,French Guiana
18,Terri White,fbrown@woodward.org,Turks and Caicos Islands
19,Courtney Dyer,bradleyashley@gmail.com,Saint Barthelemy
20,April Price,williampalmer@nelson.org,Monaco
21,Thomas Lester,susan66@yahoo.com,Tokelau
22,Jerry Collier,vanessalester@glover-bishop.com,Cyprus
23,Chelsea Anderson,rhodesjason@taylor.biz,Estonia
24,Jonathan Rodriguez,sarahallen@robinson.com,Honduras
25,Steven Clark,davidbarrett@mcmillan-church.com,Yemen
26,Lee Jones,mzavala@jones.com,Argentina
27,Michael Jordan,powellsharon@sosa.biz,Czech Republic
28,Nicholas Perry,michaelmccoy@petersen.com,Mali
29,Ebony Lee,leroyrobinson@drake.com,Taiwan
30,Justin Maldonado,heather51@vega-morrow.com,Lao People's Democratic Republic
31,Heather Baldwin MD,garrett41@yahoo.com,Tajikistan
32,Robert Pena,angelica98@delacruz.com,Costa Rica
33,Shelby Ellis,emullen@powell.com,Zambia
34,Paul Mills,bradleywatson@yahoo.com,Saudi Arabia
35,Rebecca Noble,matthewaguirre@armstrong.net,Albania
36,Joan Hernandez,rebeccafisher@henry-thornton.info,Monaco
37,Jason Jackson,keith14@singh.com,Gabon
38,Jose Nguyen,navarrotammy@yahoo.com,American Samoa
39,Rodney Friedman,haynesvickie@yahoo.com,Sudan
40,Sara Ryan,kimberlycook@hotmail.com,Sri Lanka
41,Laura Moran,gsmith@yahoo.com,Guernsey
42,Brett Hall,johnsonchristina@yahoo.com,Faroe Islands
43,Stephanie Huffman,sullivanmonique@campbell-jenkins.com,Guadeloupe
44,Theresa Hobbs,angelacastillo@johns.com,Trinidad and Tobago
45,Natasha Young,cassandrascott@hotmail.com,Malta
46,Krista Fletcher,jeffreygreer@smith.com,Guam
47,Brian Silva,mruiz@yahoo.com,Canada
48,Monique Zimmerman,michaelmoore@gmail.com,Egypt
49,Amanda Ho,erik25@burke-marshall.com,Togo
50,Carrie Vargas,xjoyce@lewis.com,Isle of Man
51,Debra Kelly,molinajames@roberts.com,Vietnam
52,Edgar Brown,jenniferpowers@fields.com,Lithuania
53,Brian Keith,ericaguilar@gmail.com,Cuba
54,Lori Galvan,smithwilliam@lam.info,Solomon Islands
55,Daniel Banks,randy91@scott.com,Comoros
56,Seth Whitehead,david06@payne-le.com,Angola
57,Matthew Thomas,jessestark@yahoo.com,France
58,Juan Sanders,gchavez@yahoo.com,Mexico
59,Elizabeth Diaz,amandasmith@rojas.com,Lithuania
60,Christian Cook,campbellariana@davis-white.com,Canada
61,Grant Garcia,lawsonrandy@gmail.com,Fiji
62,Sylvia Jones,hodgesteven@floyd.com,Bosnia and Herzegovina
63,Joshua Ward,melissavargas@rodriguez.biz,Heard Island and McDonald Islands
64,Samuel Leonard,josephhayes@hotmail.com,Bosnia and Herzegovina
65,Sylvia Nelson,aingram@harris-evans.org,Romania
66,Nathan Brown,rachaellong@buck-novak.org,Sri Lanka
67,Michael Gibson,jackieflores@yahoo.com,Kiribati
68,Daniel Butler,shawnjenkins@moore.info,British Indian Ocean Territory (Chagos Archipelago)
69,Matthew Barber,hernandezsummer@brown-pittman.com,Guyana
70,Ryan Thomas,lortega@ray.info,Macao
71,April Lucas,amoore@gmail.com,Afghanistan
72,Jennifer Baker,vincentamber@burke.com,Switzerland
73,Savannah Phillips,wgordon@hotmail.com,Peru
74,Catherine Mcguire,youngjoseph@gmail.com,Honduras
75,Kathleen Ball,apriljohnson@yahoo.com,Costa Rica
76,Robert Smith,kenneth80@hudson.net,New Caledonia
77,Richard Neal,ylopez@coleman-aguirre.com,Isle of Man
78,Dr. Kayla Maldonado,stephaniesmith@yahoo.com,Palestinian Territory
79,Jacob Cline,ljohnston@yahoo.com,South Georgia and the South Sandwich Islands
80,Nathaniel Fox,kcruz@king.com,Mexico
81,Meghan Wilson,emily97@hotmail.com,Latvia
82,Kellie Perry,jenniferjohnson@hotmail.com,Svalbard & Jan Mayen Islands
83,Kyle Morris,jmiller@thomas-mcdowell.com,Chad
84,Maria Kelley,cknight@gmail.com,Guinea-Bissau
85,Joshua Lambert,amcfarland@hotmail.com,Malawi
86,Tina Cook MD,adam26@moreno.info,Namibia
87,Lisa Blake,elizabethfarmer@gmail.com,Suriname
88,Mark Banks,zgilmore@hotmail.com,Heard Island and McDonald Islands
89,John Reed,jensenkeith@gmail.com,Vanuatu
90,Shawn Henderson,cmendoza@kirby-walker.com,Cyprus
91,Karen Myers,jeremy36@myers-sanchez.biz,Cook Islands
92,Michael Nguyen,cstone@morris.com,Tunisia
93,Jill Stephens,benderjose@day-jackson.net,Kazakhstan
94,Pamela Perez,christine77@hotmail.com,Namibia
95,Caitlin Green,marie33@andrade.com,San Marino
96,Joseph Rodriguez,mariajohnson@ellis.biz,Aruba
97,Robert Hall,snydertina@hotmail.com,Kazakhstan
98,Brittany Smith,matthewbrown@yahoo.com,Benin
99,Amber Daniel,robertsdawn@koch.com,New Zealand
100,Elizabeth West,elizabeth48@yahoo.com,Uganda
